{"loss": 0.4950365424156189, "psnr": 14.145475387573242, "_timestamp": 1688237215.8438447, "_runtime": 60.830307722091675, "_step": 36, "val_psnr_3_steps": 14.012945527483703, "val_loss_3_steps": 0.04521759689613512, "val_reconstruction_3_steps": {"_type": "image-file", "sha256": "192b016cc58503cd94b98aeebeaef09d6189dc86e41ee89b0f5f096181002cc8", "size": 32338, "path": "media/images/val_reconstruction_3_steps_20_192b016cc58503cd94b9.png", "format": "png", "width": 274, "height": 70}, "_wandb": {"runtime": 60}}