{"loss": 0.8503687381744385, "psnr": 13.68718147277832, "_timestamp": 1688237054.9735851, "_runtime": 903.4242920875549, "_step": 2000, "_wandb": {"runtime": 899}}