{"loss": 14.916777610778809, "psnr": 12.393901824951172, "_timestamp": 1688235994.2393029, "_runtime": 69.79489183425903, "_step": 1, "_wandb": {"runtime": 82}}